Word 1,Word 2,Word 3,Word 4
HAMMER,WRENCH,PLIERS,SCREWDRIVER
BOWLINE,CLOVE,HITCH,SQUARE
DOROTHY,TINMAN,SCARECROW,LION
NOON,FALUTIN,WAY,FIVE
SECOND,MINUTE,HOUR,DAY
PEPPERONI,MUSHROOM,OLIVE,SAUSAGE
HARE,STARE,BEAR,WARE
POKER,BRIDGE,HEARTS,SPADES
LINCOLN,KENNEDY,REAGAN,OBAMA
BOOK,BALLOON,COFFEE,APPLE
BACON,EGGS,TOAST,CEREAL
ZEBRA,PENGUIN,PIANO,NEWSPAPER
ZEUS,HERCULES,ATHENA,POSEIDON
POUND,GROUND,SOUND,HOUND
APPLE,BANANA,ORANGE,GRAPE
CREDIT,CASH,LICENSE,RECEIPT
MARS,VENUS,SATURN,NEPTUNE
HAPPY,SAD,ANGRY,SCARED
RAIN,SNOW,SUN,WIND
AUSTEN,DICKENS,TOLKIEN,BRONTE
ROSE,GRACE,OLIVER,SCARLETT
CAT,DOG,BIRD,FISH
DESK,CHALK,BOARD,PENCIL
ALPHA,BETA,GAMMA,DELTA
OVERT,OVERALL,OVERLAY,OVERCOME
GUITAR,PIANO,DRUMS,VIOLIN
ORION,URSA,MAJOR,LYRA
QUEUE,EULOGY,OCEAN,AEROBIC
CARROT,PEA,BEAN,CORN
HAMLET,OTHELLO,LEAR,MACBETH
KNIFE,KNEE,GNOME,WRONG
FOOTBALL,BASKETBALL,SOCCER,BASEBALL
BALL,GLOBE,MOON,BUTTON
LONDON,PARIS,TOKYO,BERLIN
DOG,AIR,LINE,SAUCE
VET,ZOOKEEPER,TRAINER,GROOMER
WRENCH,HAMMER,PLIERS,SCREWDRIVER
DOROTHY,TINMAN,SCARECROW,LION
LUCK,PIE,SHOT,ROAST
SPAGHETTI,PENNE,RIGATONI,FUSILLI
BET,CHIPS,ANTE,BLUFF
POLK,ADAMS,CARTER,BUCHANAN
FELL,BUZZ,FLOSS,PUFF
PEN,PAPER,CLIP,CALENDAR
ZEUS,HERA,POSEIDON,APOLLO
EYE,SNOW,MEAT,BASE
APPLE,BANANA,ORANGE,GRAPE
COFFEE,SHOULDER,FEET,CALL
HAMLET,OPHELIA,CLAUDIUS,GERTRUDE
POODLE,LABRADOR,BEAGLE,BULLDOG
CLOCK,WATCH,CARD,DOLL
EAR,HOUSE,DAYS,GONE
CARROT,PEA,BEAN,CORN
ZEBRA,TIGER,CANDY,FLAG
MARS,VENUS,JUPITER,SATURN
GREEN,NORTHERN,STREET,SEARCH
GUITAR,PIANO,DRUMS,FLUTE
PATCH,MAP,GOLD,SHIP
CLEMENS,LECARRE,ASHE,SEUSS
HARE,PAIR,STARE,WEAR
SOCCER,BASKETBALL,TENNIS,HOCKEY
KNIFE,NEEDLE,RAZOR,PIN
LUKE,LEIA,VADER,YODA
KNEE,ISLAND,HOUR,WRECK
FRANCE,GERMANY,SPAIN,ITALY
SINK,OVEN,STOVE,FRIDGE
ODYSSEUS,HERACLES,ACHILLES,PERSEUS
TEA,HERO,BEAN,EAR
APARTMENT,CONDO,TOWNHOUSE,MANSION
BOOK,DESK,TEACHER,PENCIL
ADELE,RIHANNA,MADONNA,CHER
ALASKA,IDAHO,COLORADO,WISCONSIN
